Index,time_period,name,reign_start,reign_period
1,夏朝 (2070–1600 BCE),Yu the Great,-2150,44.0
2,夏朝 (2070–1600 BCE),Qi of Xia,-2106,29.0
3,夏朝 (2070–1600 BCE),Tai Kang,-2077,29.0
4,夏朝 (2070–1600 BCE),Zhong Kang,-2048,12.0
5,夏朝 (2070–1600 BCE),Xiang of Xia,-2036,28.0
6,夏朝 (2070–1600 BCE),Shao Kang,-1968,22.0
7,夏朝 (2070–1600 BCE),Zhu of Xia,-1946,17.0
8,夏朝 (2070–1600 BCE),Huai of Xia,-1929,44.0
9,夏朝 (2070–1600 BCE),Mang of Xia,-1885,18.0
10,夏朝 (2070–1600 BCE),Xie of Xia,-1867,16.0
11,夏朝 (2070–1600 BCE),Bu Jiang,-1851,59.0
12,夏朝 (2070–1600 BCE),Jiong of Xia,-1792,21.0
13,夏朝 (2070–1600 BCE),Jin of Xia,-1771,21.0
14,夏朝 (2070–1600 BCE),Kong Jia,-1750,31.0
15,夏朝 (2070–1600 BCE),Gao of Xia,-1719,11.0
16,夏朝 (2070–1600 BCE),Fa of Xia,-1708,19.0
17,夏朝 (2070–1600 BCE),Jie of Xia,-1689,31.0
18,商朝 (1600–1046 BCE),子湯,-1658,29.0
19,商朝 (1600–1046 BCE),子勝,-1629,2.0
20,商朝 (1600–1046 BCE),子庸,-1627,4.0
21,商朝 (1600–1046 BCE),子至,-1623,12.0
22,商朝 (1600–1046 BCE),子絢,-1611,19.0
23,商朝 (1600–1046 BCE),子辯,-1592,25.0
24,商朝 (1600–1046 BCE),子高,-1567,17.0
25,商朝 (1600–1046 BCE),子伷,-1550,12.0
26,商朝 (1600–1046 BCE),子密,-1538,75.0
27,商朝 (1600–1046 BCE),子莊,-1463,11.0
28,商朝 (1600–1046 BCE),子發,-1452,15.0
29,商朝 (1600–1046 BCE),子整,-1437,9.0
30,商朝 (1600–1046 BCE),子滕,-1428,19.0
31,商朝 (1600–1046 BCE),子旦,-1409,16.0
32,商朝 (1600–1046 BCE),子踰,-1393,25.0
33,商朝 (1600–1046 BCE),子新,-1368,32.0
34,商朝 (1600–1046 BCE),子更,-1336,29.0
35,商朝 (1600–1046 BCE),子和,-1307,17.0
36,商朝 (1600–1046 BCE),子旬,-1290,28.0
37,商朝 (1600–1046 BCE),子颂,-1262,3.0
38,商朝 (1600–1046 BCE),子敛,-1259,9.0
39,商朝 (1600–1046 BCE),子昭,-1250,58.0
40,商朝 (1600–1046 BCE),子躍,-1192,7.0
41,商朝 (1600–1046 BCE),子載,-1185,27.0
42,商朝 (1600–1046 BCE),子先,-1158,6.0
43,商朝 (1600–1046 BCE),子囂,-1152,5.0
44,商朝 (1600–1046 BCE),子瞿,-1147,35.0
45,商朝 (1600–1046 BCE),子托,-1112,10.0
46,商朝 (1600–1046 BCE),子羡,-1101,25.0
47,商朝 (1600–1046 BCE),子受,-1075,29.0
48,周朝 (1046–256 BCE),姬發,-1046,3.0
49,周朝 (1046–256 BCE),姬誦,-1042,21.0
50,周朝 (1046–256 BCE),姬釗,-1020,24.0
51,周朝 (1046–256 BCE),姬瑕,-995,18.0
52,周朝 (1046–256 BCE),姬滿,-976,54.0
53,周朝 (1046–256 BCE),姬繄扈,-922,22.0
54,周朝 (1046–256 BCE),姬囏,-899,7.0
55,周朝 (1046–256 BCE),姬辟方,-891,5.0
56,周朝 (1046–256 BCE),姬燮,-885,7.0
57,周朝 (1046–256 BCE),姬胡,-877,36.0
58,周朝 (1046–256 BCE),姬靜,-827,45.0
59,周朝 (1046–256 BCE),姬宮湦,-781,10.0
60,周朝 (1046–256 BCE),姬宜臼,-770,50.0
61,周朝 (1046–256 BCE),姬余臣,-770,20.0
62,周朝 (1046–256 BCE),姬林,-719,22.0
63,周朝 (1046–256 BCE),姬佗,-696,14.0
64,周朝 (1046–256 BCE),姬胡齊,-681,4.0
65,周朝 (1046–256 BCE),姬閬,-676,24.0
66,周朝 (1046–256 BCE),姬鄭,-651,32.0
67,周朝 (1046–256 BCE),姬壬臣,-618,5.0
68,周朝 (1046–256 BCE),姬班,-612,5.0
69,周朝 (1046–256 BCE),姬瑜,-606,20.0
70,周朝 (1046–256 BCE),姬夷,-585,13.0
71,周朝 (1046–256 BCE),姬泄心,-571,26.0
72,周朝 (1046–256 BCE),姬貴,-544,23.0
73,周朝 (1046–256 BCE),姬丐,-519,43.0
74,周朝 (1046–256 BCE),姬仁,-475,6.0
75,周朝 (1046–256 BCE),姬介,-468,26.0
76,周朝 (1046–256 BCE),姬嵬,-440,14.0
77,周朝 (1046–256 BCE),姬午,-425,23.0
78,周朝 (1046–256 BCE),姬驕,-401,25.0
79,周朝 (1046–256 BCE),姬喜,-375,6.0
80,周朝 (1046–256 BCE),姬扁,-368,47.0
81,周朝 (1046–256 BCE),姬定,-320,5.0
82,周朝 (1046–256 BCE),姬延,-314,58.0
83,周朝 (1046–256 BCE),姬去疾,-441,1.0
84,周朝 (1046–256 BCE),姬猛,-520,1.0
85,秦朝 (221–207 BCE),嬴子楚,-249,2.0
86,秦朝 (221–207 BCE),嬴胡亥,-209,2.0
87,秦朝 (221–207 BCE),嬴子嬰,-207,1.0
88,秦朝 (221–207 BCE),嬴政,-246,36.0
89,秦朝 (221–207 BCE),嬴柱,-250,1.0
90,秦朝 (221–207 BCE),嬴則 (嬴稷),-306,55.0
91,"漢朝 (202 BCE–9 CE, 25–220 CE)",劉邦,-202,7.0
92,"漢朝 (202 BCE–9 CE, 25–220 CE)",劉盈,-195,7.0
93,"漢朝 (202 BCE–9 CE, 25–220 CE)",劉恭,-188,4.0
94,"漢朝 (202 BCE–9 CE, 25–220 CE)",劉弘,-184,4.0
95,"漢朝 (202 BCE–9 CE, 25–220 CE)",劉恆,-179,22.0
96,"漢朝 (202 BCE–9 CE, 25–220 CE)",劉啟,-156,15.0
97,"漢朝 (202 BCE–9 CE, 25–220 CE)",劉徹,-140,53.0
98,"漢朝 (202 BCE–9 CE, 25–220 CE)",劉弗陵,-86,12.0
99,"漢朝 (202 BCE–9 CE, 25–220 CE)",劉詢,-73,24.0
100,"漢朝 (202 BCE–9 CE, 25–220 CE)",劉奭,-48,15.0
101,"漢朝 (202 BCE–9 CE, 25–220 CE)",劉驁,-32,25.0
102,"漢朝 (202 BCE–9 CE, 25–220 CE)",劉欣,-6,5.0
103,"漢朝 (202 BCE–9 CE, 25–220 CE)",劉衎,-1,6.0
104,"漢朝 (202 BCE–9 CE, 25–220 CE)",劉嬰,6,2.0
105,"漢朝 (202 BCE–9 CE, 25–220 CE)",劉玄,23,2.0
106,"漢朝 (202 BCE–9 CE, 25–220 CE)",劉秀,25,32.0
107,"漢朝 (202 BCE–9 CE, 25–220 CE)",劉莊,58,17.0
108,"漢朝 (202 BCE–9 CE, 25–220 CE)",劉賀,74,1.0
109,"漢朝 (202 BCE–9 CE, 25–220 CE)",劉炟,76,12.0
110,"漢朝 (202 BCE–9 CE, 25–220 CE)",劉肇,89,16.0
111,"漢朝 (202 BCE–9 CE, 25–220 CE)",劉隆,106,1.0
112,"漢朝 (202 BCE–9 CE, 25–220 CE)",劉祜,106,19.0
113,"漢朝 (202 BCE–9 CE, 25–220 CE)",劉懿,125,1.0
114,"漢朝 (202 BCE–9 CE, 25–220 CE)",劉保,125,19.0
115,"漢朝 (202 BCE–9 CE, 25–220 CE)",劉炳,144,1.0
116,"漢朝 (202 BCE–9 CE, 25–220 CE)",劉纘,145,1.0
117,"漢朝 (202 BCE–9 CE, 25–220 CE)",劉志,146,22.0
118,"漢朝 (202 BCE–9 CE, 25–220 CE)",劉宏,168,21.0
119,"漢朝 (202 BCE–9 CE, 25–220 CE)",劉辯,189,1.0
120,"漢朝 (202 BCE–9 CE, 25–220 CE)",劉協,189,31.0
121,新朝 (9–23 CE),王莽,9,14.0
122,晉朝 (266–420 CE),司馬炎,266,24.0
123,晉朝 (266–420 CE),司馬衷,290,16.0
124,晉朝 (266–420 CE),司馬熾,307,6.0
125,晉朝 (266–420 CE),司馬鄴,313,4.0
126,晉朝 (266–420 CE),司馬睿,317,5.0
127,晉朝 (266–420 CE),司馬紹,322,3.0
128,晉朝 (266–420 CE),司馬衍,325,17.0
129,晉朝 (266–420 CE),司馬岳,342,2.0
130,晉朝 (266–420 CE),司馬聃,345,16.0
131,晉朝 (266–420 CE),司馬丕,361,4.0
132,晉朝 (266–420 CE),司馬奕,365,6.0
133,晉朝 (266–420 CE),司馬昱,371,1.0
134,晉朝 (266–420 CE),司馬曜,372,24.0
135,晉朝 (266–420 CE),司馬德宗,396,22.0
136,晉朝 (266–420 CE),司馬德文,419,1.0
137,十六國 (304–439 CE),曹丕,220,6.0
138,十六國 (304–439 CE),曹叡,226,13.0
139,十六國 (304–439 CE),曹芳,239,15.0
140,十六國 (304–439 CE),曹髦,254,6.0
141,十六國 (304–439 CE),曹奐,260,6.0
142,十六國 (304–439 CE),劉備,221,2.0
143,十六國 (304–439 CE),劉禪,223,40.0
144,十六國 (304–439 CE),孫權,222,30.0
145,十六國 (304–439 CE),孫亮,252,6.0
146,十六國 (304–439 CE),孫休,258,6.0
147,十六國 (304–439 CE),孫皓,264,16.0
148,十六國 (304–439 CE),劉淵,304,6.0
149,十六國 (304–439 CE),劉和,310,0.8493150684931510
150,十六國 (304–439 CE),劉聰,310,8.0
151,十六國 (304–439 CE),劉粲,318,0.125
152,十六國 (304–439 CE),劉曜,318,11.0
153,十六國 (304–439 CE),李特,303,1.0
154,十六國 (304–439 CE),李流,303,0.5
155,十六國 (304–439 CE),李雄,303,31.0
156,十六國 (304–439 CE),李班,334,27.833333333333300
157,十六國 (304–439 CE),李期,334,4.0
158,十六國 (304–439 CE),李壽,338,5.0
159,十六國 (304–439 CE),李勢,343,4.0
160,十六國 (304–439 CE),石勒,319,14.0
161,十六國 (304–439 CE),石弘,333,1.0
162,十六國 (304–439 CE),石虎,334,15.0
163,十六國 (304–439 CE),石世,349,0.9561643835616440
164,十六國 (304–439 CE),石遵,349,0.9561643835616440
165,十六國 (304–439 CE),石鑒,349,0.9561643835616440
166,十六國 (304–439 CE),石祗,350,1.0
167,十六國 (304–439 CE),張茂,320,4.0
168,十六國 (304–439 CE),張駿,324,22.0
169,十六國 (304–439 CE),張重華,346,7.0
170,十六國 (304–439 CE),張曜靈,353,29.416666666666700
171,十六國 (304–439 CE),張祚,353,2.0
172,十六國 (304–439 CE),張玄靚,355,8.0
173,十六國 (304–439 CE),張天錫,364,12.0
174,十六國 (304–439 CE),慕容皝,337,11.0
175,十六國 (304–439 CE),慕容俊,348,12.0
176,十六國 (304–439 CE),慕容暐,360,10.0
177,十六國 (304–439 CE),苻健,351,4.0
178,十六國 (304–439 CE),苻生,355,2.0
179,十六國 (304–439 CE),苻堅,357,28.0
180,十六國 (304–439 CE),苻丕,385,1.0
181,十六國 (304–439 CE),苻登,386,8.0
182,十六國 (304–439 CE),苻崇,394,0.5
183,十六國 (304–439 CE),慕容垂,384,12.0
184,十六國 (304–439 CE),慕容寶,396,2.0
185,十六國 (304–439 CE),慕容盛,398,3.0
186,十六國 (304–439 CE),慕容熙,401,6.0
187,十六國 (304–439 CE),姚萇,384,9.0
188,十六國 (304–439 CE),姚興,394,22.0
189,十六國 (304–439 CE),姚泓,416,1.0
190,十六國 (304–439 CE),乞伏國仁,385,3.0
191,十六國 (304–439 CE),乞伏乾歸,388,12.0
192,十六國 (304–439 CE),乞伏乾歸,409,3.0
193,十六國 (304–439 CE),乞伏熾磐,412,16.0
194,十六國 (304–439 CE),乞伏暮末,428,3.0
195,十六國 (304–439 CE),呂光,386,13.0
196,十六國 (304–439 CE),呂紹,399,1.0
197,十六國 (304–439 CE),呂纂,399,2.0
198,十六國 (304–439 CE),呂隆,401,2.0
199,十六國 (304–439 CE),禿髮烏孤,397,2.0
200,十六國 (304–439 CE),禿髮利鹿孤,399,3.0
201,十六國 (304–439 CE),禿髮傉檀,402,12.0
202,十六國 (304–439 CE),段業,397,4.0
203,十六國 (304–439 CE),沮渠蒙遜,401,32.0
204,十六國 (304–439 CE),沮渠牧犍,433,6.0
205,十六國 (304–439 CE),沮渠無諱,442,2.0
206,十六國 (304–439 CE),沮渠安周,444,16.0
207,十六國 (304–439 CE),慕容德,398,7.0
208,十六國 (304–439 CE),慕容超,405,5.0
209,十六國 (304–439 CE),李暠,400,17.0
210,十六國 (304–439 CE),李歆,417,3.0
211,十六國 (304–439 CE),李恂,420,1.0
212,十六國 (304–439 CE),赫連勃勃,407,18.0
213,十六國 (304–439 CE),赫連昌,425,3.0
214,十六國 (304–439 CE),高雲/慕容雲,407,2.0
215,十六國 (304–439 CE),馮跋,409,21.0
216,十六國 (304–439 CE),馮弘,430,6.0
217,传统未记载在十六国的无上权利,冉閔,350,2.0
218,传统未记载在十六国的无上权利,慕容泓,384,1.0
219,传统未记载在十六国的无上权利,慕容沖,384,2.0
220,传统未记载在十六国的无上权利,段隨,386,1.0
221,传统未记载在十六国的无上权利,譙縱,405,8.0
222,传统未记载在十六国的无上权利,劉去卑,250,10.0
223,传统未记载在十六国的无上权利,劉誥升爰,250,25.0
224,传统未记载在十六国的无上权利,劉虎,309,32.0
225,传统未记载在十六国的无上权利,劉務恒,341,15.0
226,传统未记载在十六国的无上权利,劉閼陋頭,356,2.0
227,传统未记载在十六国的无上权利,劉悉勿祈,358,1.0
228,传统未记载在十六国的无上权利,劉衛辰,359,32.0
229,传统未记载在十六国的无上权利,宇文莫圭,225,3.0
230,传统未记载在十六国的无上权利,宇文悉獨官,225,10.0
231,传统未记载在十六国的无上权利,宇文乞得歸,225,108.0
232,传统未记载在十六国的无上权利,宇文莫槐,285,8.0
233,传统未记载在十六国的无上权利,宇文丘不勤,285,10.0
234,传统未记载在十六国的无上权利,宇文普 or 文普撥,299,6.0
235,传统未记载在十六国的无上权利,宇文逸豆歸,333,12.0
236,传统未记载在十六国的无上权利,段務勿塵,303,7.0
237,传统未记载在十六国的无上权利,段疾陸眷,310,1.0
238,传统未记载在十六国的无上权利,段涉復辰,318,1.0
239,传统未记载在十六国的无上权利,段匹磾,318,3.0
240,传统未记载在十六国的无上权利,段末柸,318,7.0
241,传统未记载在十六国的无上权利,段牙,325,1.0
242,传统未记载在十六国的无上权利,段遼,326,12.0
243,传统未记载在十六国的无上权利,楊千萬,225,25.0
244,传统未记载在十六国的无上权利,楊騰,275,0.5
245,传统未记载在十六国的无上权利,楊茂搜,285,32.0
246,传统未记载在十六国的无上权利,楊難敵,317,17.0
247,传统未记载在十六国的无上权利,楊毅,334,3.0
248,传统未记载在十六国的无上权利,楊初,337,18.0
249,传统未记载在十六国的无上权利,楊國,355,1.0
250,传统未记载在十六国的无上权利,楊俊,356,4.0
251,传统未记载在十六国的无上权利,楊篡,370,1.0
252,传统未记载在十六国的无上权利,楊定,385,9.0
253,传统未记载在十六国的无上权利,楊盛,394,31.0
254,传统未记载在十六国的无上权利,楊玄,425,4.0
255,传统未记载在十六国的无上权利,楊保宗,429,14.0
256,传统未记载在十六国的无上权利,楊難當,429,12.0
257,传统未记载在十六国的无上权利,楊保熾,442,1.0
258,传统未记载在十六国的无上权利,楊文德,443,11.0
259,传统未记载在十六国的无上权利,楊元和,455,11.0
260,传统未记载在十六国的无上权利,楊僧嗣,466,7.0
261,传统未记载在十六国的无上权利,楊文度,473,4.0
262,传统未记载在十六国的无上权利,楊文弘,477,5.0
263,传统未记载在十六国的无上权利,楊後起,482,4.0
264,传统未记载在十六国的无上权利,楊集始,482,21.0
265,传统未记载在十六国的无上权利,楊紹先,503,4.0
266,传统未记载在十六国的无上权利,楊智慧,535,10.0
267,传统未记载在十六国的无上权利,楊辟邪,545,8.0
268,传统未记载在十六国的无上权利,楊廣香,477,6.0
269,传统未记载在十六国的无上权利,楊炯,483,12.0
270,传统未记载在十六国的无上权利,楊崇祖,495,7.0
271,传统未记载在十六国的无上权利,楊孟孫,502,9.0
272,传统未记载在十六国的无上权利,楊定,511,39.0
273,传统未记载在十六国的无上权利,拓拔力微,219,58.0
274,传统未记载在十六国的无上权利,拓拔悉鹿,277,9.0
275,传统未记载在十六国的无上权利,拓拔綽,286,7.0
276,传统未记载在十六国的无上权利,拓拔弗,293,1.0
277,传统未记载在十六国的无上权利,拓拔祿官,294,13.0
278,传统未记载在十六国的无上权利,拓拔猗㐌,295,10.0
279,传统未记载在十六国的无上权利,拓拔猗盧,295,21.0
280,传统未记载在十六国的无上权利,拓跋六根,316,1.0
281,传统未记载在十六国的无上权利,拓拔鬱律,316,5.0
282,传统未记载在十六国的无上权利,拓拔賀傉,321,4.0
283,传统未记载在十六国的无上权利,拓拔紇那,325,6.0
284,传统未记载在十六国的无上权利,拓拔翳槐,329,7.0
285,传统未记载在十六国的无上权利,拓拔什翼健,338,38.0
286,南北朝 (386–589 CE),拓拔珪,386,23.0
287,南北朝 (386–589 CE),拓拔嗣,409,14.0
288,南北朝 (386–589 CE),拓拔燾,424,28.0
289,南北朝 (386–589 CE),拓拔余,452,1.0
290,南北朝 (386–589 CE),拓拔濬,452,13.0
291,南北朝 (386–589 CE),拓拔弘,466,5.0
292,南北朝 (386–589 CE),元宏 (拓跋宏),471,28.0
293,南北朝 (386–589 CE),元恪,499,16.0
294,南北朝 (386–589 CE),元詡,516,12.0
295,南北朝 (386–589 CE),元釗,528,1.0
296,南北朝 (386–589 CE),元子攸,528,2.0
297,南北朝 (386–589 CE),元曄,530,1.0
298,南北朝 (386–589 CE),元恭,531,1.0
299,南北朝 (386–589 CE),元脩,532,3.0
300,南北朝 (386–589 CE),元善見,534,16.0
301,南北朝 (386–589 CE),元寶炬,535,16.0
302,南北朝 (386–589 CE),元欽,552,2.0
303,南北朝 (386–589 CE),拓拔廓,554,3.0
304,南北朝 (386–589 CE),高洋,550,9.0
305,南北朝 (386–589 CE),高殷,559,1.0
306,南北朝 (386–589 CE),高演,560,1.0
307,南北朝 (386–589 CE),高湛,561,4.0
308,南北朝 (386–589 CE),高緯,565,12.0
309,南北朝 (386–589 CE),高恆,577,1.0
310,南北朝 (386–589 CE),高紹義,577,2.0
311,南北朝 (386–589 CE),宇文覺,557,1.0
312,南北朝 (386–589 CE),宇文毓,557,3.0
313,南北朝 (386–589 CE),宇文邕,561,17.0
314,南北朝 (386–589 CE),宇文贇,578,1.0
315,南北朝 (386–589 CE),宇文闡,579,2.0
316,南北朝 (386–589 CE),劉裕,420,2.0
317,南北朝 (386–589 CE),劉義符,423,1.0
318,南北朝 (386–589 CE),劉義隆,424,29.0
319,南北朝 (386–589 CE),劉駿,454,10.0
320,南北朝 (386–589 CE),劉子業,465,1.0
321,南北朝 (386–589 CE),劉彧,465,7.0
322,南北朝 (386–589 CE),劉準,477,2.0
323,南北朝 (386–589 CE),蕭道成,479,3.0
324,南北朝 (386–589 CE),蕭賾,482,11.0
325,南北朝 (386–589 CE),蕭昭業,493,1.0
326,南北朝 (386–589 CE),蕭昭文,494,1.0
327,南北朝 (386–589 CE),蕭鸞,494,4.0
328,南北朝 (386–589 CE),蕭寶卷,499,2.0
329,南北朝 (386–589 CE),蕭寶融,501,1.0
330,南北朝 (386–589 CE),蕭衍,502,47.0
331,南北朝 (386–589 CE),蕭綱,549,2.0
332,南北朝 (386–589 CE),蕭棟,551,1.0
333,南北朝 (386–589 CE),蕭繹,552,3.0
334,南北朝 (386–589 CE),蕭淵明,555,1.0
335,南北朝 (386–589 CE),蕭方智,555,2.0
336,南北朝 (386–589 CE),蕭詧,555,7.0
337,南北朝 (386–589 CE),蕭巋,562,23.0
338,南北朝 (386–589 CE),蕭琮,585,2.0
339,南北朝 (386–589 CE),陳霸先,557,2.0
340,南北朝 (386–589 CE),陳蒨,559,7.0
341,南北朝 (386–589 CE),陳伯宗,566,2.0
342,南北朝 (386–589 CE),陳頊,569,13.0
343,南北朝 (386–589 CE),陳叔寶,583,6.0
344,隋朝 (581–619 CE),楊堅,581,23.0
345,隋朝 (581–619 CE),楊廣,605,12.0
346,隋朝 (581–619 CE),楊侑,617,1.0
347,隋朝 (581–619 CE),楊浩,618,1.0
348,隋朝 (581–619 CE),楊侗,618,1.0
349,"唐朝 (618–690 CE, 705–907 CE)",李渊,618,8.0
350,"唐朝 (618–690 CE, 705–907 CE)",李世民,627,22.0
351,"唐朝 (618–690 CE, 705–907 CE)",李治,650,33.0
352,"唐朝 (618–690 CE, 705–907 CE)",李 or 哲,684,6.0
353,"唐朝 (618–690 CE, 705–907 CE)",李旦,684,8.0
354,"唐朝 (618–690 CE, 705–907 CE)",李重茂,710,1.0
355,"唐朝 (618–690 CE, 705–907 CE)",李隆基,712,44.0
356,"唐朝 (618–690 CE, 705–907 CE)",李亨,756,6.0
357,"唐朝 (618–690 CE, 705–907 CE)",李豫,762,17.0
358,"唐朝 (618–690 CE, 705–907 CE)",李适,780,25.0
359,"唐朝 (618–690 CE, 705–907 CE)",李誦,805,1.0
360,"唐朝 (618–690 CE, 705–907 CE)",李純,806,14.0
361,"唐朝 (618–690 CE, 705–907 CE)",李恆,821,3.0
362,"唐朝 (618–690 CE, 705–907 CE)",李湛,824,2.0
363,"唐朝 (618–690 CE, 705–907 CE)",李昂,826,14.0
364,"唐朝 (618–690 CE, 705–907 CE)",李炎,840,6.0
365,"唐朝 (618–690 CE, 705–907 CE)",李忱,846,13.0
366,"唐朝 (618–690 CE, 705–907 CE)",李漼,859,14.0
367,"唐朝 (618–690 CE, 705–907 CE)",李儇,873,15.0
368,"唐朝 (618–690 CE, 705–907 CE)",李曄,888,16.0
369,"唐朝 (618–690 CE, 705–907 CE)",李柷,904,3.0
370,武周 (690–705 CE),武曌,690,15.0
371,五代十國 (907–979 CE),黃巢,881,3.0
372,五代十國 (907–979 CE),朱溫,907,5.0
373,五代十國 (907–979 CE),朱友珪,912,1.0
374,五代十國 (907–979 CE),朱瑱,913,10.0
375,五代十國 (907–979 CE),李存勗,923,3.0
376,五代十國 (907–979 CE),李嗣 or 亶,926,7.0
377,五代十國 (907–979 CE),李從厚,933,1.0
378,五代十國 (907–979 CE),李從珂,934,3.0
379,五代十國 (907–979 CE),石敬瑭,936,6.0
380,五代十國 (907–979 CE),石重貴,942,5.0
381,五代十國 (907–979 CE),劉知遠,947,1.0
382,五代十國 (907–979 CE),劉承祐,948,3.0
383,五代十國 (907–979 CE),郭威,951,3.0
384,五代十國 (907–979 CE),柴榮,954,5.0
385,五代十國 (907–979 CE),柴宗訓,959,1.0
386,五代十國 (907–979 CE),王建,907,11.0
387,五代十國 (907–979 CE),王宗衍,918,7.0
388,五代十國 (907–979 CE),楊行密,904,1.0
389,五代十國 (907–979 CE),楊渥,905,3.0
390,五代十國 (907–979 CE),楊隆演,908,13.0
391,五代十國 (907–979 CE),楊溥,921,16.0
392,五代十國 (907–979 CE),馬殷,897,33.0
393,五代十國 (907–979 CE),馬希聲,930,2.0
394,五代十國 (907–979 CE),馬希範,932,15.0
395,五代十國 (907–979 CE),馬希廣,947,3.0
396,五代十國 (907–979 CE),馬希萼,950,1.0
397,五代十國 (907–979 CE),馬希崇,950,1.0
398,五代十國 (907–979 CE),錢鏐,904,28.0
399,五代十國 (907–979 CE),錢元瓘,932,9.0
400,五代十國 (907–979 CE),錢弘佐,941,6.0
401,五代十國 (907–979 CE),錢弘倧,947,1.0
402,五代十國 (907–979 CE),錢俶 (錢弘俶),947,31.0
403,五代十國 (907–979 CE),王審知,909,16.0
404,五代十國 (907–979 CE),王延翰,925,1.0
405,五代十國 (907–979 CE),王延鈞,926,9.0
406,五代十國 (907–979 CE),王繼鵬,935,4.0
407,五代十國 (907–979 CE),王延羲,939,5.0
408,五代十國 (907–979 CE),王延政,943,2.0
409,五代十國 (907–979 CE),劉 or 龑,917,8.0
410,五代十國 (907–979 CE),劉玢,941,2.0
411,五代十國 (907–979 CE),劉晟,943,15.0
412,五代十國 (907–979 CE),劉鋹,958,13.0
413,五代十國 (907–979 CE),高季興,909,19.0
414,五代十國 (907–979 CE),高從誨,928,20.0
415,五代十國 (907–979 CE),高寶融,948,12.0
416,五代十國 (907–979 CE),高寶勗,960,2.0
417,五代十國 (907–979 CE),高繼沖,962,1.0
418,五代十國 (907–979 CE),孟知祥,934,1.0
419,五代十國 (907–979 CE),孟昶,938,27.0
420,五代十國 (907–979 CE),李昪,937,6.0
421,五代十國 (907–979 CE),李璟,943,18.0
422,五代十國 (907–979 CE),李煜,961,15.0
423,五代十國 (907–979 CE),劉承鈞,954,16.0
424,五代十國 (907–979 CE),劉繼恩,970,1.0
425,五代十國 (907–979 CE),劉繼元,970,12.0
426,五代十國 (907–979 CE),留從效,945,17.0
427,五代十國 (907–979 CE),留紹鎡,962,1.0
428,五代十國 (907–979 CE),陳洪進,963,15.0
429,五代十國 (907–979 CE),劉言,950,3.0
430,五代十國 (907–979 CE),王 or 進逵,953,3.0
431,五代十國 (907–979 CE),周行逢,956,6.0
432,遼朝 (916–1125 CE),耶律阿保機,916,10.0
433,遼朝 (916–1125 CE),耶律德光,926,21.0
434,遼朝 (916–1125 CE),耶律阮,947,4.0
435,遼朝 (916–1125 CE),耶律璟,951,18.0
436,遼朝 (916–1125 CE),耶律賢,969,13.0
437,遼朝 (916–1125 CE),耶律隆緒,982,49.0
438,遼朝 (916–1125 CE),耶律宗真,1031,24.0
439,遼朝 (916–1125 CE),耶律洪基,1055,46.0
440,遼朝 (916–1125 CE),耶律延禧,1101,24.0
441,遼朝 (916–1125 CE),耶律淳,1122,1.0
442,遼朝 (916–1125 CE),蕭普賢女,1122,1.0
443,遼朝 (916–1125 CE),耶律大 or 律達實,1124,20.0
444,遼朝 (916–1125 CE),蕭塔不煙,1144,6.0
445,遼朝 (916–1125 CE),耶律夷列,1150,14.0
446,遼朝 (916–1125 CE),耶律普速完,1164,14.0
447,遼朝 (916–1125 CE),耶律直魯古,1178,33.0
448,遼朝 (916–1125 CE),屈出律,1211,7.0
449,遼朝 (916–1125 CE),耶律倍,926,4.0
450,遼朝 (916–1125 CE),蕭氏,930,10.0
451,遼朝 (916–1125 CE),耶律阮,940,7.0
452,遼朝 (916–1125 CE),耶律安端,947,5.0
453,宋朝 (960–1279 CE),趙匡胤,960,16.0
454,宋朝 (960–1279 CE),趙匡 or 光 or 炅,976,21.0
455,宋朝 (960–1279 CE),趙恆,997,25.0
456,宋朝 (960–1279 CE),趙禎,1022,41.0
457,宋朝 (960–1279 CE),趙曙,1063,4.0
458,宋朝 (960–1279 CE),趙頊,1067,18.0
459,宋朝 (960–1279 CE),趙煦,1085,15.0
460,宋朝 (960–1279 CE),趙佶,1100,25.0
461,宋朝 (960–1279 CE),趙桓,1126,1.0
462,宋朝 (960–1279 CE),趙構,1127,35.0
463,宋朝 (960–1279 CE),趙昚,1162,27.0
464,宋朝 (960–1279 CE),趙惇,1189,5.0
465,宋朝 (960–1279 CE),趙擴,1194,30.0
466,宋朝 (960–1279 CE),趙昀,1224,40.0
467,宋朝 (960–1279 CE),趙禥,1264,10.0
468,宋朝 (960–1279 CE),趙顯,1274,2.0
469,宋朝 (960–1279 CE),趙昰,1276,2.0
470,宋朝 (960–1279 CE),趙昺,1278,1.0
471,西夏 (1038–1227 CE),李元昊,1032,16.0
472,西夏 (1038–1227 CE),李諒祚,1048,19.0
473,西夏 (1038–1227 CE),李秉常,1067,19.0
474,西夏 (1038–1227 CE),李乾順,1086,53.0
475,西夏 (1038–1227 CE),李仁孝,1139,54.0
476,西夏 (1038–1227 CE),李純佑,1193,13.0
477,西夏 (1038–1227 CE),李安全,1206,5.0
478,西夏 (1038–1227 CE),李遵頊,1211,12.0
479,西夏 (1038–1227 CE),李德旺,1223,3.0
480,西夏 (1038–1227 CE),李晛,1226,1.0
481,金朝 (1115–1234 CE),阿骨打 or 完顏旻,1115,8.0
482,金朝 (1115–1234 CE),吳乞買 or 完顏晟,1123,11.0
483,金朝 (1115–1234 CE),合剌 or 完顏亶,1135,14.0
484,金朝 (1115–1234 CE),迪古乃 or 完顏亮,1149,12.0
485,金朝 (1115–1234 CE),烏祿 or 完顏雍,1161,28.0
486,金朝 (1115–1234 CE),麻達葛 or 完顏璟,1190,18.0
487,金朝 (1115–1234 CE),完顏永濟,1209,4.0
488,金朝 (1115–1234 CE),吾睹補 or 完顏珣,1213,10.0
489,金朝 (1115–1234 CE),寧甲速 or 完顏守緒,1224,10.0
490,金朝 (1115–1234 CE),呼敦 or 完顏承麟,1234,1.0
491,元朝 (1271–1368 CE),孛兒只斤鐵木真,1206,21.0
492,元朝 (1271–1368 CE),孛兒只斤拖雷,1228,1.0
493,元朝 (1271–1368 CE),孛兒只斤窩闊台,1229,12.0
494,元朝 (1271–1368 CE),孛兒只斤貴由,1246,2.0
495,元朝 (1271–1368 CE),孛兒只斤蒙哥,1251,8.0
496,元朝 (1271–1368 CE),孛兒只斤忽必烈,1260,34.0
497,元朝 (1271–1368 CE),孛兒只斤鐵穆耳,1294,13.0
498,元朝 (1271–1368 CE),孛兒只斤鐵穆耳,1307,1.0
499,元朝 (1271–1368 CE),孛兒只斤海山,1308,3.0
500,元朝 (1271–1368 CE),孛兒只斤愛育黎拔力八達,1311,9.0
501,元朝 (1271–1368 CE),孛兒只斤愛育黎拔力八達,1320,1.0
502,元朝 (1271–1368 CE),孛兒只斤碩德八剌,1321,2.0
503,元朝 (1271–1368 CE),孛兒只斤也孫鐵木兒,1323,5.0
504,元朝 (1271–1368 CE),孛兒只斤阿速吉八,1328,1.0
505,元朝 (1271–1368 CE),孛兒只斤圖帖睦爾,1328,4.0
506,元朝 (1271–1368 CE),孛兒只斤和世剌,1329,1.0
507,元朝 (1271–1368 CE),孛兒只斤懿璘質班,1332,1.0
508,元朝 (1271–1368 CE),孛兒只斤妥懽帖睦爾,1333,35.0
509,元朝 (1271–1368 CE),孛兒只斤妥懽帖睦爾,1368,2.0
510,元朝 (1271–1368 CE),孛兒只斤愛猷識里達臘,1370,8.0
511,元朝 (1271–1368 CE),孛兒只斤脫古思帖木兒,1378,10.0
512,明朝 (1368–1644 CE),朱元璋,1368,30.0
513,明朝 (1368–1644 CE),朱允炆,1398,4.0
514,明朝 (1368–1644 CE),朱棣,1402,22.0
515,明朝 (1368–1644 CE),朱高熾,1424,1.0
516,明朝 (1368–1644 CE),朱瞻基,1425,10.0
517,明朝 (1368–1644 CE),朱祁鎮,1435,21.0
518,明朝 (1368–1644 CE),朱祁鈺,1449,8.0
519,明朝 (1368–1644 CE),朱見深,1464,23.0
520,明朝 (1368–1644 CE),朱祐樘,1487,18.0
521,明朝 (1368–1644 CE),朱厚照,1505,16.0
522,明朝 (1368–1644 CE),朱厚熜,1521,45.0
523,明朝 (1368–1644 CE),朱載垕,1566,6.0
524,明朝 (1368–1644 CE),朱翊鈞,1572,48.0
525,明朝 (1368–1644 CE),朱常洛,1620,1.0
526,明朝 (1368–1644 CE),朱由校,1620,7.0
527,明朝 (1368–1644 CE),朱由檢,1627,17.0
528,順朝 (1644–1645 CE),李自成,1644,1.0
529,明朝 (1368–1644 CE),朱聿鍵,1645,1.0
530,明朝 (1368–1644 CE),朱常淓,1645,1.0
531,明朝 (1368–1644 CE),朱以海,1645,8.0
532,明朝 (1368–1644 CE),朱聿,1646,1.0
533,明朝 (1368–1644 CE),朱由榔,1646,16.0
534,清朝 (1636–1912 CE),努爾哈赤,1616,10.0
535,清朝 (1636–1912 CE),皇太極,1626,10.0
536,清朝 (1636–1912 CE),皇太極,1636,7.0
537,清朝 (1636–1912 CE),福臨,1643,18.0
538,清朝 (1636–1912 CE),玄燁,1661,61.0
539,清朝 (1636–1912 CE),胤禛,1722,13.0
540,清朝 (1636–1912 CE),弘曆,1735,61.0
541,清朝 (1636–1912 CE),顒琰,1796,24.0
542,清朝 (1636–1912 CE),旻寧,1820,30.0
543,清朝 (1636–1912 CE),奕詝,1850,11.0
544,清朝 (1636–1912 CE),載淳,1861,14.0
545,清朝 (1636–1912 CE),載湉,1875,33.0
546,清朝 (1636–1912 CE),溥儀,1908,4.0
547,太平天國 (1851–1864 CE),洪秀全,1851,13.0
548,太平天國 (1851–1864 CE),洪天貴福,1864,0.1
549,中華帝國 (1915–1916 CE),袁世凱,1915,1.0